parameter,value
muH,0.9278356009632346
muB,0.41679453201749933
k,4816638.587144462
H0,239342.43076679113
B0,20472.150551272593
sigma_host,0.16819095675943
sigma_bacteria,0.5656796768284735
