parameter,value
muH,0.8655514329403913
muB,0.3400672332042265
k,5495144.204117996
H0,253018.71368806105
B0,29071.706995187782
sigma_host,0.11629853388817904
sigma_bacteria,0.6179365900277962
