parameter,value
muH,0.7574076592997057
muB,0.4208036318827515
k,4927547.889542957
H0,347987.10346150916
B0,20432.95003914817
sigma_host,0.1572944635283463
sigma_bacteria,0.4638647216515243
