parameter,value
muH,0.8816861035104826
muB,0.36803292857646785
k,5456274.652884314
H0,293860.1756377869
B0,32553.978693953195
sigma_host,0.07306370719227183
sigma_bacteria,0.6448273222907906
